{
  "eye": {
    "orientation": [
      0.11036265641450882,
      0.8626986145973206,
      0.1258545070886612,
      0.477212518453598
    ],
    "magnitude": 0.5773502588272095,
    "position": [
      120.99430847167969,
      36.83125686645508,
      -17.728012084960938
    ]
  },
  "paths": [],
  "ortho": false,
  "radius": 100,
  "visualHints": 1
}